MONTH_ID,avg_sales
4,3760.6233707865185
5,3666.557777777778
7,3651.602624113476
2,3618.0441964285715
3,3558.9688207547174
11,3549.222227805695
10,3536.9565299684537
12,3525.99511111111
6,3471.4258015267164
8,3451.8878010471194
1,3431.7661135371213
9,3419.440175438596
